predicted_probability_class_1,predicted_label,record_id,mode,generated_features,omitted_model_inputs,threshold
0.9999948081238939,1.0,20_taiwan2016_10deg:5K.GSW02.00.HHE:2016-05-31T05:23:26.710000Z:0,reduced,500,868,0.91
0.9999982368047431,1.0,20_taiwan2016_10deg:5K.GSW02.00.HHN:2016-05-31T05:23:03.490000Z:1,reduced,500,868,0.91
0.9999284140832049,1.0,20_taiwan2016_10deg:5K.GSW02.00.HHZ:2016-05-31T05:23:05.610000Z:2,reduced,500,868,0.91
0.9999860552338392,1.0,20_taiwan2016_10deg:5K.GSW03.00.HHE:2016-05-31T05:22:58.530000Z:3,reduced,500,868,0.91
0.9999779006295538,1.0,20_taiwan2016_10deg:5K.GSW03.00.HHN:2016-05-31T05:23:21.470000Z:4,reduced,500,868,0.91
0.9999995095280322,1.0,20_taiwan2016_10deg:5K.GSW03.00.HHZ:2016-05-31T05:23:29.410000Z:5,reduced,500,868,0.91
0.9999059352212333,1.0,20_taiwan2016_10deg:CB.GZH.00.BHE:2016-05-31T05:24:44.000000Z:6,reduced,500,868,0.91
0.9999890875540598,1.0,20_taiwan2016_10deg:CB.GZH.00.BHN:2016-05-31T05:24:44.000000Z:7,reduced,500,868,0.91
0.9999996188307901,1.0,20_taiwan2016_10deg:CB.GZH.00.BHZ:2016-05-31T05:24:44.000000Z:8,reduced,500,868,0.91
0.9999569411887355,1.0,20_taiwan2016_10deg:CB.NJ2.00.BHE:2016-05-31T05:24:30.000000Z:9,reduced,500,868,0.91
0.9999962298823307,1.0,20_taiwan2016_10deg:CB.NJ2.00.BHN:2016-05-31T05:24:30.000000Z:10,reduced,500,868,0.91
0.9999970038439315,1.0,20_taiwan2016_10deg:CB.NJ2.00.BHZ:2016-05-31T05:24:30.000000Z:11,reduced,500,868,0.91
0.9999953598093418,1.0,20_taiwan2016_10deg:CB.WHN.00.BHE:2016-05-31T05:24:50.000000Z:12,reduced,500,868,0.91
0.9999974606584511,1.0,20_taiwan2016_10deg:CB.WHN.00.BHN:2016-05-31T05:24:50.000000Z:13,reduced,500,868,0.91
0.9999996077893907,1.0,20_taiwan2016_10deg:CB.WHN.00.BHZ:2016-05-31T05:24:50.000000Z:14,reduced,500,868,0.91
0.999998662005347,1.0,20_taiwan2016_10deg:HK.HKPS..BHE:2016-05-31T05:24:44.019500Z:15,reduced,500,868,0.91
0.9999952748512483,1.0,20_taiwan2016_10deg:HK.HKPS..BHN:2016-05-31T05:24:44.019500Z:16,reduced,500,868,0.91
0.9999989452805316,1.0,20_taiwan2016_10deg:HK.HKPS..BHZ:2016-05-31T05:24:44.019500Z:17,reduced,500,868,0.91
0.9999988972374472,1.0,20_taiwan2016_10deg:HK.HKPS..HHE:2016-05-31T05:24:44.008400Z:18,reduced,500,868,0.91
0.9999958061935058,1.0,20_taiwan2016_10deg:HK.HKPS..HHN:2016-05-31T05:24:44.008400Z:19,reduced,500,868,0.91
0.9999972120716684,1.0,20_taiwan2016_10deg:HK.HKPS..HHZ:2016-05-31T05:24:44.008400Z:20,reduced,500,868,0.91
0.9999999670548154,1.0,20_taiwan2016_10deg:HK.HKPS..HNE:2016-05-31T05:24:44.008400Z:21,reduced,500,868,0.91
0.9999836759835273,1.0,20_taiwan2016_10deg:HK.HKPS..HNN:2016-05-31T05:24:44.008400Z:22,reduced,500,868,0.91
0.9999999180666685,1.0,20_taiwan2016_10deg:HK.HKPS..HNZ:2016-05-31T05:24:44.008400Z:23,reduced,500,868,0.91
0.9997777348361023,1.0,20_taiwan2016_10deg:IC.SSE.00.BH1:2016-05-31T05:24:10.019534Z:24,reduced,500,868,0.91
0.9998436446177331,1.0,20_taiwan2016_10deg:IC.SSE.00.BH2:2016-05-31T05:24:10.019534Z:25,reduced,500,868,0.91
0.999629315002211,1.0,20_taiwan2016_10deg:IC.SSE.00.BHZ:2016-05-31T05:24:10.019538Z:26,reduced,500,868,0.91
0.9996202587989689,1.0,20_taiwan2016_10deg:IC.SSE.10.HH1:2016-05-31T05:24:10.008394Z:27,reduced,500,868,0.91
0.9999168260427048,1.0,20_taiwan2016_10deg:IC.SSE.10.HH2:2016-05-31T05:24:10.008393Z:28,reduced,500,868,0.91
0.9999882825436941,1.0,20_taiwan2016_10deg:IC.SSE.10.HHZ:2016-05-31T05:24:10.008391Z:29,reduced,500,868,0.91
0.9986456068937934,1.0,20_taiwan2016_10deg:IU.TATO.00.BH1:2016-05-31T05:23:22.019538Z:30,reduced,500,868,0.91
0.9999504581744975,1.0,20_taiwan2016_10deg:IU.TATO.00.BH2:2016-05-31T05:23:22.019538Z:31,reduced,500,868,0.91
0.9999997671642513,1.0,20_taiwan2016_10deg:IU.TATO.00.BHZ:2016-05-31T05:23:22.019538Z:32,reduced,500,868,0.91
0.99986262768803,1.0,20_taiwan2016_10deg:IU.TATO.10.BH1:2016-05-31T05:23:22.019539Z:33,reduced,500,868,0.91
0.9984821068993336,1.0,20_taiwan2016_10deg:IU.TATO.10.BH2:2016-05-31T05:23:22.019539Z:34,reduced,500,868,0.91
0.9999998907998217,1.0,20_taiwan2016_10deg:IU.TATO.10.BHZ:2016-05-31T05:23:22.019539Z:35,reduced,500,868,0.91
0.9986333068275673,1.0,20_taiwan2016_10deg:IU.TATO.10.HH1:2016-05-31T05:23:22.008394Z:36,reduced,500,868,0.91
0.038271635571741715,0.0,20_taiwan2016_10deg:IU.TATO.10.HH2:2016-05-31T05:23:22.008394Z:37,reduced,500,868,0.91
0.9999979628260925,1.0,20_taiwan2016_10deg:IU.TATO.10.HHZ:2016-05-31T05:23:22.008394Z:38,reduced,500,868,0.91
0.9999978597896702,1.0,20_taiwan2016_10deg:IU.TATO.20.HN1:2016-05-31T05:23:22.008393Z:39,reduced,500,868,0.91
0.9999968327671341,1.0,20_taiwan2016_10deg:IU.TATO.20.HN2:2016-05-31T05:23:22.008393Z:40,reduced,500,868,0.91
0.9999762907634688,1.0,20_taiwan2016_10deg:IU.TATO.20.HNZ:2016-05-31T05:23:22.008393Z:41,reduced,500,868,0.91
0.00027556636127485984,0.0,20_taiwan2016_10deg:JP.JMZ..BHE:2016-05-31T05:24:37.000000Z:42,reduced,500,868,0.91
2.751497635844603e-07,0.0,20_taiwan2016_10deg:JP.JMZ..BHN:2016-05-31T05:24:37.000000Z:43,reduced,500,868,0.91
2.242300173558304e-06,0.0,20_taiwan2016_10deg:JP.JMZ..BHZ:2016-05-31T05:24:37.000000Z:44,reduced,500,868,0.91
0.9999759527771831,1.0,20_taiwan2016_10deg:JP.JOW..BHE:2016-05-31T05:24:06.000000Z:45,reduced,500,868,0.91
0.9999998431586978,1.0,20_taiwan2016_10deg:JP.JOW..BHN:2016-05-31T05:24:06.000000Z:46,reduced,500,868,0.91
0.999892024462905,1.0,20_taiwan2016_10deg:JP.JOW..BHZ:2016-05-31T05:24:06.000000Z:47,reduced,500,868,0.91
0.9986086035310395,1.0,20_taiwan2016_10deg:JP.JSU..BHE:2016-05-31T05:24:54.000000Z:48,reduced,500,868,0.91
0.9998419665391262,1.0,20_taiwan2016_10deg:JP.JSU..BHN:2016-05-31T05:24:54.000000Z:49,reduced,500,868,0.91
0.9999297887450496,1.0,20_taiwan2016_10deg:JP.JSU..BHZ:2016-05-31T05:24:54.000000Z:50,reduced,500,868,0.91
0.9999993403801898,1.0,20_taiwan2016_10deg:JP.YOJ..BHE:2016-05-31T05:23:22.000000Z:51,reduced,500,868,0.91
0.999995710203968,1.0,20_taiwan2016_10deg:JP.YOJ..BHN:2016-05-31T05:23:22.000000Z:52,reduced,500,868,0.91
0.9999701892093813,1.0,20_taiwan2016_10deg:JP.YOJ..BHZ:2016-05-31T05:23:22.000000Z:53,reduced,500,868,0.91
